{"id":"just-another-template",
"version":"1.2014.4.4",
"width":8,
"height":20,
"cells":
[
{
"position":1,
"x":0.862500011920929,
"y":0.5813000202178955,
"width":3.5,
"height":2,
"rotation":0
},
{
"position":2,
"x":0.862500011920929,
"y":5.931300163269043,
"width":3.5,
"height":2,
"rotation":0
},
{
"position":3,
"x":0.862500011920929,
"y":3.181299924850464,
"width":3.5,
"height":2,
"rotation":0
},
{
"position":4,
"x":1.2625000476837158,
"y":8.631300354003907,
"width":6.5,
"height":8,
"rotation":0
}
]
}