{"id":"K-BCx56-MBCx7",
"version":"1.2011.4.4",
"width":18,
"height":10,
"cells":
[
{
"position":1,
"x":8.312500095367431,
"y":2.1312998294830323,
"width":3.5,
"height":2,
"rotation":0
},
{
"position":2,
"x":4.340000343322754,
"y":3.7313005447387697,
"width":3.5,
"height":2,
"rotation":0
},
{
"position":3,
"x":4.340000343322754,
"y":1.231300163269043,
"width":3.5,
"height":2,
"rotation":0
},
{
"position":4,
"x":0.46250017881393435,
"y":0.5312999248504638,
"width":3.5,
"height":6,
"rotation":0
}
]
}